{"cameraMode":{"drawMode":0,"name":"Shaded","section":"Shading Mode"},"sceneLighting":true,"audioPlay":false,"sceneViewState":{"showFog":true,"showMaterialUpdate":false,"showSkybox":true,"showFlares":true,"showImageEffects":true,"showParticleSystems":true},"in2DMode":false,"pivot":{"x":-1.7827889919281006,"y":-3.3387300968170168,"z":15.59118938446045},"rotation":{"x":0.04827911779284477,"y":-0.009888111613690853,"z":0.00047811149852350354,"w":0.9987882375717163},"size":52.92210006713867,"orthographic":false}